variant,mean_sharpe,worst_maxdd,sum_pnl
baseline,3.5198036976832134,-20.990034155243155,464.54229999999967
best_combo,3.9791528671832235,-16.984584815562688,508.5028999999988
