period,pnl_percent,maxdd_percent,sharpe,scored
2020-2022,24.922399999991086,-18.933398339833417,0.40269795442250705,True
2023-2025,380.1290499999938,-13.352934736710498,2.2544897461383475,True
2026,148.5481999999998,-10.658055610190974,5.721355045894402,False
TOTAL,405.0514499999849,-18.933398339833417,1.3285938502804273,True
