duration_bin,n_trades,sum_pnl
1,1,-1.9940000000010514
2-3,1,14.400000000000773
4-6,1,22.763000000002194
7-12,3,-38.10999999999899
13-24,4,-137.0130000000031
25-48,8,279.4279999999927
49-96,14,141.73000000000172
97-192,6,372.9780000000013
193+,3,900.3129999999999
