duration_bin,n_trades,sum_pnl
1,1,-1.9940000000010514
2-3,1,14.400000000000773
4-6,1,22.763000000002194
7-12,3,-38.10999999999899
13-24,3,-94.58300000000213
25-48,8,279.4279999999926
49-96,13,163.89300000000253
97-192,6,372.97800000000154
193+,3,900.3130000000001
