duration_bin,n_trades,sum_pnl
1,0.0,0.0
2-3,0.0,0.0
4-6,0.0,0.0
7-12,0.0,0.0
13-24,1.0,-42.43000000000097
25-48,0.0,1.1368683772161603e-13
49-96,1.0,-22.163000000000807
97-192,0.0,-2.2737367544323206e-13
193+,0.0,-2.2737367544323206e-13
