entry_month,n_trades,sum_pnl
1,136,-3.3940000000008013
2,121,181.3975000000006
3,145,645.0240000000016
4,125,987.6824999999922
5,115,427.56800000000317
7,155,111.6359999999811
8,119,125.54449999999747
9,117,426.578499999993
10,134,810.5249999999862
11,118,557.9909999999893
12,150,-414.24049999990825
