period,pnl_percent,maxdd_percent,sharpe,sharpe_ci_lo,sharpe_ci_hi,scored
2020-2022,46.79859999999192,-15.83208488178297,0.6722379125588643,-0.3568363072561107,1.5589600119983364,True
2023-2025,339.3374499999974,-17.71889563123955,2.0836650384269126,1.1412569103738721,2.8856874011565252,True
2026,162.1836000000001,-17.39346511942047,5.707772477229382,2.091947500985787,8.41553575849785,True
TOTAL,548.3196499999893,-17.71889563123955,2.821225142738386,,,True
