duration_bin,n_trades,sum_pnl,avg_ret,win_rate
1,2,-4.944000000002347,-0.00010501585624783649,0.0
2-3,1,14.400000000000773,0.001916784183792272,1.0
4-6,1,22.763000000002194,0.01630364677169043,1.0
7-12,3,-314.9130000000016,-0.042049095003964726,0.0
13-24,4,-415.25299999999925,-0.047994204998667925,0.0
25-48,13,76.03899999999862,0.0014742668395599857,0.23076923076923078
49-96,15,94.95200000000318,0.0056337905007668,0.4666666666666667
97-192,8,514.1499999999986,0.04300453382620095,1.0
193+,3,900.3130000000001,0.24069610926356164,1.0
