duration_bin,n_trades,sum_pnl,avg_ret,win_rate
1,1,-1.9940000000010514,-6.548892629032466e-05,0.0
2-3,1,14.400000000000773,0.0017450230488459115,1.0
4-6,1,22.763000000002194,0.01444663921666504,1.0
7-12,3,-38.10999999999899,-0.014094379219989572,0.3333333333333333
13-24,4,-137.0130000000031,-0.027605076365684808,0.0
25-48,8,279.4279999999927,0.020395036660813062,0.25
49-96,14,141.73000000000172,0.00978344776343423,0.5
97-192,6,372.9780000000013,0.037114919882749856,1.0
193+,3,900.3129999999999,0.22118803690525368,1.0
