duration_bin,n_trades,sum_pnl,avg_ret,win_rate
1,1.0,-2.950000000001296,-3.9526929957511836e-05,0.0
2-3,0.0,0.0,0.00017176113494636039,0.0
4-6,0.0,0.0,0.0018570075550253876,0.0
7-12,0.0,-276.8030000000026,-0.027954715783975154,-0.3333333333333333
13-24,0.0,-278.23999999999614,-0.020389128632983117,0.0
25-48,5.0,-203.3889999999941,-0.018920769821253076,-0.019230769230769218
49-96,1.0,-46.77799999999854,-0.00414965726266743,-0.033333333333333326
97-192,2.0,141.1719999999973,0.005889613943451097,0.0
193+,0.0,2.2737367544323206e-13,0.019508072358307954,0.0
