variant,ok,sum_pnl,worst_maxdd,avg_sharpe
canon_current,True,388.8523999999873,-19.391583230002418,1.3494348785722554
candidate_combo,True,441.88399999998074,-16.261753339850937,1.5345821961822639
