entry_month,n_trades,sum_pnl,avg_ret,win_rate
1,35,1350.1499999999987,0.02964122310346644,0.42857142857142855
2,14,-33.753999999993994,-0.0008714469847184868,0.35714285714285715
