duration_bin,n_trades,sum_pnl
1,1,-1.9940000000010514
2-3,1,14.400000000000773
4-6,2,11.983000000002903
7-12,2,-26.83000000000061
13-24,7,-320.7529999999989
25-48,11,153.51499999999896
49-96,15,97.1320000000037
97-192,7,488.629999999999
193+,3,900.3130000000001
