variant,ok,sum_pnl,worst_maxdd,avg_sharpe
canon_current,True,405.22009999998465,-17.202392444338464,1.4012708669450662
no_june_cap,False,390.4056999999834,-22.290295467266862,1.3084354392931883
